רשימת יישובים ואזורים סטטיסטיים שבהם מתגוררת אוכלוסייה חרדית לפי רמת הומוגניות חרדית,,,,,,
" לפי תוצאות הבחירות לכנסת ה-20, שנערכו בשנת 2015",,,,,,
מס',רמת הומוגניות חרדית ,שם יישוב,סמל יישוב,סמל אזור סטטיסטי,פירוט גאוגרפי,רמה מקובצת של הומוגניות חרדית - בחירות 13
1,,,,,,
1,1,אור הגנוז,1294,0,,3
2,1,אשדוד,70,141,"חטיבת הנגב, חטיבת יפתח, שד סנה משה, האדמו""ר מבעלז",1
3,1,אשדוד,70,211,"יוחנן בן זכאי, רבי טרפון, רבי יהודה הנשיא, שמעון בן שטח",1
4,1,אשדוד,70,212,"אליעזר בן הורקנוס, יוחנן בן זכאי, עקביא בן מהללאל, רשב""י, שמעון בן שטח",1
5,1,אשדוד,70,213,"רשב""י, התלמוד, רבי מאיר בעל הנס,שד ירושלים ",1
6,1,אשדוד,70,322,"היסמין, שד הפרחים, הצבעוני, החרצית, הרותם",1
7,1,בית חלקיה,2033,0,,1
8,1,בית שמש,2610,12,"דרך החיים, אלון יגאל",1
9,1,בית שמש,2610,26,"אור שמח, אשכול לוי, שפת אמת, בן זאב יהודה, חזון איש",1
10,1,בית שמש,2610,27,"אשכול לוי, בן עזאי, הרב הרצוג, חזון איש, רבי יוסי בן קיסמא",1
11,1,בית שמש,2610,31,"נהר הירדן, רבי פנחס בן יאיר, רבי דוסתאי, הרב הרצוג, רבי חלפתא בן דוסא",1
12,1,בית שמש,2610,32,"נהר הירדן, נחוניה בן הקנה, רבי יהודה הנשיא, רבי יהושע, רשב""י",1
13,1,ביתר עילית,3780,3,"הרב צדקא יהודה, הרבי מליובאוויטש, הרב אוירבך, הבבא סאלי, יוחנן בן זכאי",1
14,1,ביתר עילית,3780,4,"הבבא סאלי, רבי נחמן מברסלב, מפעל הש""ס, הרבי מזוועהיל, חזון יצחק",1
15,1,ביתר עילית,3780,5,"מעלות רבי הילל, הדף היומי, איגרות משה, כף החיים, הרב קעניג",1
16,1,ביתר עילית,3780,6,"פנים מאירים, המגיד ממעזריטש, הרב ברים, יסוד העבודה, פחד יצחק",1
17,1,ביתר עילית,3780,7,"שלום רב, הר""ן, חיי יצחק, קדושת לוי, המגיד ממעזריטש",1
18,1,ביתר עילית,3780,8,"החוזה מלובלין, הרב מוצפי יעקב,כנסת יחזקאל, דרכי איש, כנסת מרדכי ",1
19,1,בני ברק,6100,211,"חשב סופר, ז'בוטינסקי, הרב שך, אהרונוביץ ראובן, הירדן",1
20,1,בני ברק,6100,212,"הירדן, יצחק נפחא, חשב סופר, ז'בוטינסקי, הרב שך",1
21,1,בני ברק,6100,213,"סוקולוב, הרב קוטלר, רבי עקיבא, חגי, הרב שך",1
22,1,בני ברק,6100,214,"הרב שך, רבי עקיבא, מיכה, צפניה, יונה הנביא",1
23,1,בני ברק,6100,221,"אבטליון, רבי עקיבא, סוקולוב, יהודה הלוי, הרב שטרסר",1
24,1,בני ברק,6100,222,"אבן גבירול, הלוחמים, ז'בוטינסקי, שבטי ישראל, סוקולוב",1
25,1,בני ברק,6100,223,"אדמורי אלכסנדר, ז'בוטינסקי, בן פתחיה, הראשונים, רבי עקיבא",1
26,1,בני ברק,6100,233,"חברון, יהושע, ירושלים, רבי עקיבא, שד רבי טרפון",1
27,1,בני ברק,6100,311,"רבי עקיבא, ירושלים, האדמו""ר מבלז, אהרונסון, בן זכאי",1
28,1,בני ברק,6100,312,"אור החיים, רש""י, רבי עקיבא, חזון איש, מהרש""ל",1
29,1,בני ברק,6100,313,"וילקומירר, חזון איש, הרב דסלר, בן זכאי, סעדיה גאון",1
30,1,בני ברק,6100,314,"אנילביץ, מוהליבר, יהודה הנשיא, בן זכאי, גרשטנקורן",1
31,1,בני ברק,6100,315,"בארי, בעל התניא, חזון איש, יהודה הנשיא, מרים הנביאה",1
32,1,בני ברק,6100,321,"רשב""ם, חזון איש, עזרא, רב אסי, דבורה הנביאה",1
33,1,בני ברק,6100,322,"בית הלל, חזון איש, נחמיה, רבי נחמן מברסלב, עזרא",1
34,1,בני ברק,6100,323,"אלישע, הרב מלצר, חזון איש, האדמו""ר מגור, הרב כהנמן",1
35,1,בני ברק,6100,412,"ריינס, רוזנהיים, רבי חייא, בן עזאי, אהרונוביץ ראובן",1
36,1,בני ברק,6100,413,"יצחק מאיר הכהן, הרב כהנמן, הרב פוברסקי, נועם אלימלך, הרב סורוצקין",1
37,1,בני ברק,6100,414,"סירוקה שמעון, הרב פוברסקי, הרב כהנמן, השריונאים, אבני נזר",1
38,1,בני ברק,6100,415,"גבורי ישראל, הרב זוננפלד יוסף, בן דוד אברהם, מתתיהו, הרב כהנמן",1
39,1,בני ברק,6100,422,"בן דוד אברהם, רבינא, עזרא, הרב בן יעקב, מתתיהו",1
40,1,בני ברק,6100,423,"אהבת שלום, תורת חיים, בן דוד אברהם, דמשק אליעזר, עזרא",1
41,1,בני ברק,6100,424,"קבוץ גלויות, הרב כהנמן, בן דוד אברהם, הרב עוזיאל, אדמורי שאץ",1
42,1,בני ברק,6100,425,"קהילות יעקב, בירנבוים, הרב עוזיאל, האדמו""ר מקוצק, הרב נסים יצחק",1
43,1,בני ברק,6100,427,"אמרי ברוך, דמשק אליעזר, האדמור מנדבורנא, חזון איש, האדמור מויז'ניץ",1
44,1,גבעת זאב,3730,4,אגן האיילות,1
45,1,חיפה,4000,642,"השלוח, גאולה, חרמון, מיכאל, בצלאל",1
46,1,חיפה,4000,643,"אהבת ישראל, דרך רופין, הנגב, מיכאל, מקור ברוך",1
47,1,יסודות,440,0,,1
48,1,ירושלים,3000,111,"הרב זווין, אביר יעקב, הרב וינוגרד, אליאב יוסף, שאדיקר נחום",1
49,1,ירושלים,3000,112,"אסטורה, הרב זווין, כפר עברי, ניימן שמואל",1
50,1,ירושלים,3000,411,"אגרות משה, האדמו""ר מלובביץ, הרב הירשלר, הרב כהנמן, חזון איש",1
51,1,ירושלים,3000,412,"הרב גולדקנופף, הרב ז'ולטי בצלאל, קהילות יעקב, דרוק שלמה זלמן, חזון איש",1
52,1,ירושלים,3000,413,"הרב קלונימוס, הרב פטאל, דרוק שלמה זלמן, האדמו""ר מלובביץ, הרב לופיאן",1
53,1,ירושלים,3000,423,"סולם יעקב, צפרירים, שיבת ציון, שירת הים, טרומן הרי",1
54,1,ירושלים,3000,425,"הרב שבתאי חזקיה, ולנשטיין, קהילת אונגוואר, ועד ארבע הארצות, מירסקי יצחק",1
55,1,ירושלים,3000,426,"מירסקי יצחק, מינץ, הרב שיף אברהם, הרב רובין, שד גולדה מאיר",1
56,1,ירושלים,3000,512,"שפע חיים, אבן האזל, עזרת תורה, שד גבעת משה",1
57,1,ירושלים,3000,513,"בר אילן, חנה, ירמיהו, שד גבעת משה, עלי הכהן",1
58,1,ירושלים,3000,514,"אהלי יוסף, בר אילן, שד גבעת משה, עלי הכהן, שמואל הנביא",1
59,1,ירושלים,3000,515,"הרב בלוי, ים סוף, שאול המלך, שמואל הנביא, אחינעם",1
60,1,ירושלים,3000,521,"מעגלי הרי""ם לוין, מעלות דושינסקי, ים סוף, האדמו""ר מויז'ניץ, האדמו""ר מגור",1
61,1,ירושלים,3000,821,"שבטי ישראל, מאה שערים, בהרן שלמה זלמן, עין יעקב, שטראוס",1
62,1,ירושלים,3000,824,"רבנו גרשום, יחזקאל, רחובות הבוכרים, תלמודי אברהם, בר אילן",1
63,1,ירושלים,3000,825,"אבינועם ילין, חגי, יחזקאל, מאה שערים, מלכי ישראל",1
64,1,ירושלים,3000,826,"מלכי ישראל, בר אילן, יחזקאל, מלאכי, צפניה",1
65,1,ירושלים,3000,832,"מלכי ישראל, שרי ישראל, רש""י, החשמונאים, יפו",1
66,1,ירושלים,3000,834,"תחכמוני, בר גיורא, יוסף בן מתתיהו, רש""י, מלכי ישראל",1
67,1,ירושלים,3000,835,"יוסף בן מתתיהו, יעקב מאיר, מלכי ישראל, אשתורי הפרחי, רש""י",1
68,1,ירושלים,3000,911,"אמרי בינה, משיב מנחם, זית רענן, סורוצקין, תורת חסד",1
69,1,ירושלים,3000,912,"שמגר, דברי חיים, סורוצקין, קדושת אהרון, דובר שלום",1
70,1,ירושלים,3000,913,"פתח תקוה, הרב יוסף גבאי, מענה שימחה, סורוצקין, פנים מאירות",1
71,1,ירושלים,3000,914,"יפו, מלכי ישראל, שמגר, שרי ישראל, ירמיהו",1
72,1,ירושלים,3000,915,"פנים מאירות, מענה שימחה, ירמיהו, זכרון יעקב, המ""ג",1
73,1,ירושלים,3000,931,"הרב שאולזון, האדמו""ר מבויאן, הרב טייב חי, האדמו""ר מרוז'ין",2
74,1,ירושלים,3000,932,"הרב קצנלבוגן רפאל, הקבלן, הרב שאולזון, אגסי שמעון, מנחם מנדל משקלוב",1
75,1,ירושלים,3000,933,"הרב שפרבר דוד, הרב קצנלבוגן רפאל, הרב שאולזון, אגסי שמעון, ברנט זרח",1
76,1,ירושלים,3000,934,"הרב שאולזון, הרב טייב חי, בראנד אהרון, הרב אבן דנן, הרב רבין חזקיהו",1
77,1,ירושלים,3000,1034,"הרב פרנק, הפסגה, בית וגן, מרום ציון, החיד""א",1
78,1,ירושלים,3000,1035,"שערי תורה, תורה ועבודה, זילברג משה, הפסגה, הרב פרנק",1
79,1,מודיעין עילית,3797,2,"חזון אי""ש, אבי עזרי, קהילות יעקב",1
80,1,מודיעין עילית,3797,3,"נתיבות המשפט, מסילת ישרים, דרך קרית ספר",1
81,1,מודיעין עילית,3797,4,"חפץ חיים, מסילת יוסף, מסילת ישרים, מרומי שדה, נתיבות המשפט",1
82,1,מודיעין עילית,3797,5,"שער המלך, שדי חמד, חפץ חיים, אור החיים, אבני נזר",1
83,1,מודיעין עילית,3797,6,"משך חכמה, דרך קרית ספר, אבני נזר, נודע ביהודה",1
84,1,מודיעין עילית,3797,7,"שדרות יחזקאל, רבי שמעון בר יוחא, רבי יהודה הנשיא, רב ושמואל, משעול רבי טרפון",1
85,1,מודיעין עילית,3797,8,"רבי עקיבא, רב ושמואל, רבי יהודה הנשיא",1
86,1,מודיעין עילית,3797,9,"חפץ חיים, מסילות יוסף, קצות החושן, מסילת ישרים, נתיבות משפט",1
87,1,מודיעין עילית,3797,10,"ריטב""א, נתיבות שלום",1
88,1,מתתיהו,3648,0,,1
89,1,נתניה,7400,223,"הרצוג, רבי עקיבא, סוקולוב, דברי חיים, המלכים",1
90,1,פתח תקווה,7900,523,"דרך בגין מנחם, רוזובסקי יוסף, מנחת שלמה, אריה בן אליעזר, קהילות יעקב",1
91,1,קוממיות,766,0,,1
92,1,קרית יערים,1137,0,,1
93,1,תפרח,709,0,,1
2,,,,,,
94,2,ירושלים,3000,851,"הנציב, התבור, יזרעאל, הלבנון, בצלאל",2
3,,,,,,
95,3,אלעד,1309,4,"רבן יוחנן בן זכאי, רבי מאיר, רבי יונתן בן עוזי, בעלי התוספות, רשב""י",3
96,3,אלעד,1309,6,"רבי יוסף קארו, רבן יוחנן בן זכאי, רבי יהודה נשיא, רבי חייא, רשב""י",3
97,3,אלעד,1309,7,"אבן גבירול, הרי""ף, עובדיה מברטנורה, רבי יהודה נשיא, שמעון בן שטח",3
98,3,בית שמש,2610,34,"נהר הירדן, נחל איילון, נחל לכיש, נחל הקישון, נחל שורק",3
99,3,בית שמש,2610,36,"נחל לוז, נחל איילון, נהר הירקון, נהר הירדן, נחל רפאים",2
100,3,בית שמש,2610,38,"השחר,רמת בית שמש ג",*
101,3,ביתר עילית,3780,1,"רבי עקיבא, ישראל מרוז'ין, התעוררות תשובה, דברי חיים, אלעזר המודעי",3
102,3,בני ברק,6100,113,"גניחובסקי, נורוק, ככר האחים מאיר, קובלסקי, צבי",3
103,3,בני ברק,6100,232,"פוקס אהרון דב, הרב קוק, ירמיהו, בן גוריון דוד, רבי עקיבא",3
104,3,בני ברק,6100,411,"אהרונוביץ ראובן, בר אילן, ברויאר, ז'בוטינסקי, צירלסון",3
105,3,ירושלים,3000,424,"הרואה, טללים, מעלות כיסופים, רביבים, שירת הים",1
106,3,ירושלים,3000,432,"קהילות שו""ם, אידלזון אברהם, גליק נלסון, סיון שלום, רקנטי אברהם",1
107,3,ירושלים,3000,533,"שמואל הנביא, שמעון הצדיק, ארזי הבירה, זקס משה, פתחיה",1
108,3,ירושלים,3000,836,"הנביאים, רש""י, פינס, יוסף בן מתתיהו, ילין דוד",3
109,3,ירושלים,3000,921,"כתב סופר, עזריאל, גבעת שאול, קהתי פנחס",1
110,3,מעלה עמוס,3653,0,,4
111,3,רכסים,922,0,,3
4,,,,,,
112,4,ירושלים,3000,522,"מעבר המיתלה, משמר הגבול, רמת הגולן, שד לוי אשכול, ים סוף",2
113,4,ירושלים,3000,1031,"מיכלין, מעלות צבי לצדיק, הרב פרנק, בית וגן, הרב עוזיאל",4
5,,,,,,
114,5,אופקים,31,6,"חפץ חיים, דרך הטייסים, רבי עקיבא, בוזגלו דוד",5
115,5,אלומה,1145,0,,5
116,5,אלעד,1309,1,"חוני המעגל, רבי יהודה נשיא, רבי עקיבא, רבן יוחנן בן זכאי, רבנו ניסים גאון",5
117,5,אלעד,1309,5,"רבי יהודה נשיא, רמב""ם, רבן יוחנן בן זכאי, רש""י, רשב""י",5
118,5,בית שמש,2610,33,"נהר הירדן, רבן יוחנן בן זכאי, ריב""ל, רבי מאיר בעל הנס, רבי צדוק",5
119,5,ביתר עילית,3780,2,"אלעזר המודעי, רבי עקיבא, חת""ם סופר, הבעל שם טוב, חזון איש",5
120,5,בני ברק,6100,114,"נויפלד, נורוק, הרב מצליח, קובלסקי, אברבנאל",5
121,5,בני ברק,6100,115,"השר אלון יגאל, אברבנאל, עמק יזרעאל, הירקון, המכבים",5
122,5,בני ברק,6100,426,"בירנבוים, רב האי גאון, רימון, נחשוני יהודה, אורליאן",5
123,5,ירושלים,3000,531,"דרך בר-לב, קלרמון גנו, שד לוי אשכול, שמעון הצדיק, נטר",5
124,5,ירושלים,3000,822,"זוננפלד, בית ישראל, שמואל הנביא, הבעש""ט, קארו יוסף",3
125,5,ירושלים,3000,823,"זוננפלד, הרב עדני, לייב דיין, מאה שערים, הרב אשלג",5
126,5,ירושלים,3000,833,"הטורים, יפו, רש""י, נבון, יוסף בן מתתיהו",5
127,5,ירושלים,3000,922,"גבעת שאול, ימין אבות, בעל השאילתות, בן ציון, קוטלר",4
128,5,ירושלים,3000,923,"בן עוזיאל, עמרם גאון, נג'ארה, גבעת שאול, כנפי נשרים",6
129,5,עמנואל,3660,0,,6
6,,,,,,
130,6,אופקים,31,4,"אצ""ל, שד הרצל, עולי הגרדום, החיד""א, ביל""ו",6
131,6,אספר,3754,0,,7
132,6,בית שמש,2610,37,"נחל ערוגות, נחל עין גדי, נחל הקישון, ערבות הנחל, שד נחל צאלים",6
133,6,בני ברק,6100,231,"הרצוג, נתן הנביא, טבריה, בן גוריון דוד, מנחם",6
134,6,בני ברק,6100,421,"שאול המלך, עזרא, הרב כהנמן, שלמה המלך, הרב בן יעקב",10
135,6,ירושלים,3000,113,"שד נוה יעקב, אסטורה, הרב פניז'ל, מעגלות הרב פרדס, פונט ישראל",6
136,6,ירושלים,3000,114,"מעגלות הרב פרדס, מבוא פלג אדמונד, לבנה אליעזר, בר יקר דב, גולאק אשר",6
137,6,ירושלים,3000,115,"בלבן מאיר, גולדברג לאה, ויקטור ויוליוס, מעגלות הרב פרדס, שד נוה יעקב",6
138,6,ירושלים,3000,858,"נרקיס, כהנוב, פרוש, השל""ה, שערי חסד",7
139,6,ירושלים,3000,1032,"שחראי, הרב עוזיאל, בית וגן, חקלאי זאב",6
140,6,ירושלים,3000,2512,הרובע היהודי,7
141,6,כפר גדעון,106,0,,6
142,6,צפת,8000,5,"האר""י, קרן היסוד, ירושלים, הפלמ""ח, חטיבת יפתח",7
143,6,קרית גת,2630,32,"גאון הירדן, עדולם, שד' גת, אדוריים, שדרות אתרי המקרא",10
7,,,,,,
144,7,חיפה,4000,641,"מיכאל, בר כוכבא, הגבורים, הרצל, יל""ג",10
145,7,ירושלים,3000,831,"פין גיימס, ירמיהו, ברנדיס, מלכי ישראל, רש""י, תחכמוני, בר גיורא",11
146,7,ירושלים,3000,842,"הלני המלכה, הנביאים, אדלר שאול, שבטי ישראל, אתיופיה",7
147,7,ערד,2560,1,"הקנאים, חברון, חרוב, ירושלים, מעון",7
148,7,תל אביב - יפו,5000,226,"דבורה הנביאה, קהילת קליבלנד, הצנחנים, בית אל, ולנברג ראול",7
8,,,,,,
149,8,אלעד,1309,2,"רבן יוחנן בן זכאי, אבטליון, רבי יהודה נשיא, שמעיה, רבי טרפון",8
150,8,אלעד,1309,3,"רבי יוסי בן קיסמא, רבינו בחיי, רבינו חננאל, רבן יוחנן בן זכאי, שמעון הצדיק",8
151,8,בני ברק,6100,112,"נורוק, אביעד, אברבנאל, גרינברג, הרב ראט משולם",8
152,8,ירושלים,3000,532,"ארץ חפץ, חטיבת הראל, מגן האלף, עץ הדר, שמואל הנביא",8
153,8,כוכב יעקב,3779,0,,9
154,8,נתיבות,246,5,"שד ויצמן, הרב גרשונוביץ, חיל אוויר, חיל הים, חיל הנדסה",8
9,,,,,,
155,9,אשדוד,70,143,"הרב אברמסקי, סנש חנה, הרב רוזובסקי, הפלמ""ח, שד, עוזיהו",9
156,9,אשדוד,70,144,"רבי עקיבא, אדמו""ר מפיטסבורג, הפלמ""ח, חפץ חיים, סנש חנה",6
157,9,בית שמש,2610,35,"נהר הירדן, נחל קטלב, נחל שמשון, נחל דולב, נחל הבשור",10
158,9,בני ברק,6100,122,"אבו חצירא ישראל, הרב פתאיה, אברבנאל, הירקון, המכבים",9
159,9,בני ברק,6100,123,"ז'בוטינסקי, אברבנאל, טרומפלדור, החלוצים, הרצל",9
160,9,ירושלים,3000,421,"בובליק גדליה, סילבר אבא הלל, פרנקפורטר פליקס, קדימה, מורגנטאו הנרי",10
161,9,ירושלים,3000,422,"נרות שבת, סילבר אבא הלל, ליפסקי לואי, הרב הרץ יוסף צבי, הדף היומי",10
162,9,ירושלים,3000,434,"אשכולי אהרון, צונדק, אבן שמואל, קרני יהודה, ההבטחה",10
163,9,ירושלים,3000,812,"הנביאים, החומה השלישית, הע""ח, חיל הנדסה, שבטי ישראל",6
164,9,ירושלים,3000,1016,"בן ציון, דגל ראובן, הרב צבי יהודה, הרב ריינס, שד הרצל",10
165,9,נתיבות,246,2,"ירושלים, ז'בוטינסקי, הרמב""ם, מלכי ישראל, הרב בר אילן",9
166,9,צפת,8000,6,"צה""ל, דרך השוקולד, דרך השומשום, אלעזר דוד",9
167,9,קרית גת,2630,33,"שד גת, שדרות אתרי המקרא, שד מלכי ישראל, גאון הירדן, ענתות",6
168,9,רחובות,8400,232,"שבזי, עזרא, מרים מזרחי, קפרא מנשה, הרצל",10
10,,,,,,
169,10,אשדוד,70,142,"הפלמ""ח, מבצע ברק, חטיבת כרמלי, חטיבת גולני, חטיבת הנגב",9
170,10,אשדוד,70,221,"גור דב, שחם יואב, אפרתי אליהו, בן יוסף שלמה, שפירא אברהם",10
171,10,אשדוד,70,222,"מילמן, אלבז נתן, גור דב, טרומפלדור, מיכשוילי",12
172,10,אשדוד,70,223,"גור דב, אלבז נתן, נרה בלולו, שד' בני ברית, בן יוסף שלמה",10
173,10,בני ברק,6100,121,"הרב יוסף חיים, בגין מנחם, הירקון, זרובבל, ז'בוטינסקי",12
174,10,גבעת זאב,3730,3,"קרית יערים, ערבה ,אתרוג, הגיא, לולב",10
175,10,חיפה,4000,622,"רש""י, ארלוזורוב, בר גיורא, גאולה, הפועל",10
176,10,חיפה,4000,623,"רבי עקיבא, סנש חנה, המימוני, בלום לאון, בעל שם טוב",10
177,10,חיפה,4000,644,"הרב קניאל, גאולה, האר""י",10
178,10,חצור הגלילית,2034,0,,10
179,10,טבריה,6700,12,"אחד העם, ניברג, טבור הארץ, יהודה הנשיא, אהל יעקב",12
180,10,טבריה,6700,13,"גוש עציון, טבור הארץ, המגינים, אלחדיף, חברון",12
181,10,ירושלים,3000,116,"טבנקין יצחק, אבא אחימאיר, וסרמן פנחס, שד נוה יעקב, סנש משה",10
182,10,ירושלים,3000,431,"המשורר אצ""ג, המשוררת זלדה, זרחי ישראל, קוטשר יחזקאל, רקנטי אברהם",10
183,10,ירושלים,3000,433,"שי, יגאל, מס ראובן, עלית הנוער, צונדק",10
184,10,ירושלים,3000,523,"פארן, ששת הימים, מעבר המיתלה, שד לוי אשכול, דרך בר-לב",10
185,10,ירושלים,3000,841,"הנביאים, החבצלת, הרב קוק, שטראוס, יפו",7
186,10,ירושלים,3000,853,"יפו, אגריפס, בית יעקב, כי""ח, מחנה יהודה",10
187,10,ירושלים,3000,861,"דיסקין, שד בן צבי יצחק",11
188,10,ירושלים,3000,1122,"ברזיל, אולשוונגר, לוין שמריהו, הנטקה",10
189,10,ירושלים,3000,1221,"טור סיני, שרון, ברזיל, הנטקה, פסח חברוני",11
190,10,ירושלים,3000,1633,"אחלמה,הגננת,הרב אונטרמן,האחות יהודית",.
191,10,ירושלים,3000,2513,הרובע הארמני,.
192,10,מירון,607,0,,10
193,10,נתניה,7400,221,"התנועה הציונית, סוקולוב, עמק חפר, רבי עקיבא, הולנד",11
194,10,נתניה,7400,332,"שפירא אברהם, גבע, יהודה הלוי, פתח תקוה, שד בנימין",10
195,10,פתח תקווה,7900,141,"ארלוזורוב, סטפן, טרומפלדור, הוז דב, האורים",10
196,10,פתח תקווה,7900,142,"כצנלסון ברל, בורוכוב, קלויזנר, טרומפלדור, ארלוזורוב",11
197,10,פתח תקווה,7900,236,"פרנקפורטר דוד, רוטשילד, אלתר מיהוד, טרומפלדור, סלומון",11
198,10,צפת,8000,4,"הנשיא, הפלמ""ח, החלוץ, פרומצ'נקו, שפרינצק",10
199,10,רחובות,8400,117,"עזרא, הבנים, בנימין, הרצל, נורדאו",10
200,10,רחובות,8400,121,"מנוחה ונחלה, השומרים, סירני, הבעש""ט, וייסבורג",11
201,10,רחובות,8400,124,"פלמ""ח, סירני, מרגולין, ההגנה, השומרים",11
202,10,רחובות,8400,211,"הרב מאיר יוסף, נתיב הל""ה, לח""י, גוש עציון, ההגנה",10
203,10,רחובות,8400,212,"התחיה,לח""י,וינר יוסף, שטינברג,ההגנה",.
11,,,,,,
204,11,חזון,1047,0,,10
205,11,חיפה,4000,314,,.
206,11,חיפה,4000,631,"יוסף, בלפור, תל חי, ארלוזורוב,פבזנר",11
207,11,חיפה,4000,722,"הגליל, התיכון, חניתה, שד טרומפלדור, הבריכה",11
208,11,חיפה,4000,811,"שד טרומפלדור, גלבוע, פינסקר, אדם הכהן, ברל כצנלסון",11
209,11,ירושלים,3000,862,"אוסישקין, אברבנאל, רמב""ן, הקרן הקיימת, אלחריזי",11
210,11,ירושלים,3000,1024,"בזק,בצלאל,פרופ רוקח, ברודצקי,דרך בגין",.
211,11,כדיתה,1338,0,,10
212,11,ערד,2560,2,"בן יאיר אלעזר, שמעון, יאשיהו, ירושלים, הקנאים",11
213,11,ערד,2560,3,"ירושלים, בן יאיר אלעזר, יהודה, יובל, פלג",11
214,11,פתח תקווה,7900,235,"אחד העם, הרצל, סמילנסקי, רוטשילד, שפירא הרמן צבי",11
215,12,אבן שמואל,400,0,,.
216,12,אדירים,113,0,,12
217,12,אופקים,31,3,"דרך בית וגן, הנשיא, גבורי ישראל, שד הרצל, אלי כהן",12
218,12,אור יהודה,2400,7,"שפרינצק, שרת משה, אסירי ציון, סעדון אליהו, יהדות קנדה",12
219,12,אור יהודה,2400,8,"החלוצים, הל""ה, סיני, עולי הגרדום, שד בן פורת מרדכי",12
220,12,אחיסמך,804,0,,.
221,12,אחיעזר,797,0,,12
222,12,איתמר,3762,0,,.
223,12,איתן,37,0,,12
224,12,אלון מורה,3579,0,,.
225,12,אשדוד,70,333,"נהלל, אדוננו ברוך, ראש פינה, קארו יוסף, שדרות רש""י",12
226,12,אשקלון,7100,225,"אבימלך, השבטים, אליאב אורי, בנימין, ראובן",12
227,12,אשקלון,7100,226,"השופטים, שיבת ציון, התחיה, אליהו הנביא, הנביאים",12
228,12,אשקלון,7100,321,"הרב נסים יצחק, ההסתדרות, עגנון, שד שפירא, שד בן גוריון",12
229,12,באר שבע,9000,213,"זמורה משה, ויתקון אלפרד, דורי יעקב, דוד אלעזר, מקלף מרדכי",12
230,12,בית אל,3574,0,,.
231,12,בית הגדי,723,0,,.
232,12,בית מאיר,751,0,,11
233,12,בית רבן,848,0,,.
234,12,בית שאן,9200,2,"מיזוג גלויות, שאול המלך, בויאר אווה, טולידנו, מרקוס",12
235,12,בית שאן,9200,3,"ידין יגאל, ירושלים הבירה, מכלוף יעקב, שאול המלך, שמש יצחק",12
236,12,בן זכאי,760,0,,.
237,12,בני ראם,588,0,,.
238,12,בר יוחאי,1191,0,,.
239,12,ברקת,2038,0,,.
240,12,בת ים,6200,522,"פרנק אנה, כ""ט בנובמבר, הרב ניסנבוים יצחק, האדמו""ר מבאבוב, הרב מימון",12
241,12,בת עין,3794,0,,.
242,12,גבע בנימין,3763,0,,.
243,12,זבדיאל,815,0,,12
244,12,זרחיה,818,0,,12
245,12,חולון,6600,621,"הבנים, המעפילים, מבצע סיני, שד הוז דב, גבעתי",12
246,12,חיפה,4000,111,"בעלי התני""א, שטרן יוסף, שד ורבורג, הרב לוין אריה, משה חיים שפירא",12
247,12,חיפה,4000,112,"הרב ריינס,פרומר דב,שד הרוא""ה,שד, ורבורג",.
248,12,טבריה,6700,15,"יהודה הלוי, טולידנו, ברנר, הנוטר, החרמון",12
249,12,טבריה,6700,32,"שז""ר זלמן, כוכב, הנשיא ויצמן, אלעזר דוד, בן אליעזר אריה",12
250,12,טבריה,6700,33,"בית הלל, בן צבי יצחק, הנשיא ויצמן, ז'בוטינסקי, סנש חנה",12
251,12,טבריה,6700,34,"שרת משה, אלפסי, הרב עוזיאל, הרב קוק, סיני",12
252,12,טלמון,3788,0,,.
253,12,יבנאל,46,0,,12
254,12,יבנה,2660,6,"העצמאות, הרב אבוחצירה, שבזי, דרך חג'ג' אהרון, שד דואני",12
255,12,יד בנימין,577,0,,.
256,12,יושיביה,803,0,,.
257,12,יערה,795,0,,12
258,12,ירושלים,3000,811,"דוד המלך,ממילא,קריב יצחק,שלמה המלך",.
259,12,ירושלים,3000,1015,"פרבשטיין, שד הרצל, הרב קוסובסקי, שד המאירי, קרת משה",11
260,12,ירושלים,3000,1124,"בורוכוב,זנגויל,קליינמן,רבינוביץ אהרון",.
261,12,ירושלים,3000,1631,"הרוזמרין,ורדינון,הצוף,המור, האפרסמון",.
262,12,ירושלים,3000,2514,הרובע הנוצרי,.
263,12,ישעי,805,0,,12
264,12,כוכב השחר,3564,0,,.
265,12,כסלון,859,0,,12
266,12,כפר תפוח,3572,0,,.
267,12,כרם יבנה (ישיבה),1094,0,,11
268,12,לוד,7000,42,"אינשטיין, בן חקון, חטיבת יפתח, יוספטל גיורא, שלמה המלך",12
269,12,מבוא חורון,3709,0,,.
270,12,מבוא מודיעים,1141,0,,.
271,12,מגדל העמק,874,3,"רמת יזרעאל, הרב בוסקילה רפאל, הדובדבן, החורש, הגפן",12
272,12,מעגלים,1082,0,,.
273,12,מעלה לבונה,3752,0,,.
274,12,מצפה יריחו,3576,0,,.
275,12,נצר חזני,1372,0,,.
276,12,נתיבות,246,1,"הרב אלנקוה, ירושלים, הרב אבוחצירא, מסעוד אלפסי, כלפון הכהן",12
277,12,נתיבות,246,4,"בעלי מלאכה, העצמאות, ירושלים, הרב בר אילן, ורדימון יצחק",12
278,12,נתיבות,246,6,"יובל, חזני, ירושלים, שד ויצמן, הכותל",12
279,12,נתניה,7400,333,"שפירא אברהם, שד בנימין, פתח תקוה, יהודה הלוי, לבונטין",12
280,12,נתניה,7400,343,"יהודה הלוי,שד בנימין,פתח תקוה,בן אליעזר",.
281,12,נתניה,7400,351,"גבע, אפרים, מורדי הגטאות, ניל""י, פתח תקוה",12
282,12,נתניה,7400,352,"אבן עזרא, הגר""א, האר""י, פתח תקוה, שד בן צבי",12
283,12,עוזה,826,0,,12
284,12,עלי,3765,0,,.
285,12,ענב,3712,0,,.
286,12,פטיש,749,0,,12
287,12,"פעמי תש""ז",2059,0,,12
288,12,פקיעין חדשה,281,0,,.
289,12,פתח תקווה,7900,511,"תורה ועבודה, שמואל הנגיד,בר יוחאי,ראש העין,הנח""ל",.
290,12,פתח תקווה,7900,512,"הגר""א, רבי עקיבא, הנח""ל, גרין יונה, הרב הרצוג",12
291,12,פתח תקווה,7900,522,"רבי יהודה הנשיא, ירושלים, חסדי שמעון, הרב עטיה עזרא, דרך בגין מנחם",12
292,12,צפת,8000,3,"ז'בוטינסקי זאב, העצמאות, הפלמ""ח, ירושלים, עליה ב",12
293,12,צפת,8000,7,"ויצמן, לוחמי הגטאות, אצ""ל, רמז דוד, יפה נוף",12
294,12,קרית ארבע,3611,0,,.
295,12,קרית מלאכי,1034,4,"הוורדים,הציפורן,השושנים,ז'בוטינסקי,כלנית",.
296,12,קרית מלאכי,1034,5,"שד בן גוריון, בר יהודה, המ""ג, הרצל, ז'בוטינסקי",12
297,12,ראש העין,2640,3,"בן נון יהושוע,וולפסון,מרבד הקסמים,אבן עזרא",.
298,12,שבי שומרון,3571,0,,.
299,12,שדות מיכה,27,0,,12
300,12,שילה,3641,0,,.
301,12,שלווה,873,0,,12
302,12,שעלבים,856,0,,.
303,12,שרשרת,398,0,,12
304,12,תושיה,1083,0,,.
305,12,תירוש,10,0,,.
306,12,תל אביב - יפו,5000,743,"אהלי יעקב, גרינבוים, גרוסמן מאיר, דרך בן צבי, צונץ",12
307,12,תל אביב - יפו,5000,744,"גרוסמן מאיר, הלוחמים, דרך בן צבי, דרך יגאל ידין, תל גבורים",12
308,12,תל אביב - יפו,5000,823,"גולומב, קבוץ גלויות, חיל השריון, דרך ההגנה, ישראל מסלנט",12
309,12,תל אביב - יפו,5000,824,"מאור הגולה, מסילת ישרים, שד חכמי ישראל, קבוץ גלויות, חכמי לובלין",12
310,12,תל אביב - יפו,5000,833,"קבוץ גלויות, גורי ישראל, קפלנסקי, דרך בן צבי, חיל השריון",12
311,12,תל אביב - יפו,5000,932,"מושיע, אצ""ל, ותיק, דרך ההגנה, ורד",12
312,12,תל אביב - יפו,5000,933,"בועז, קלמן, איתיאל, לח""י, אצ""ל",12
313,12,תל אביב - יפו,5000,936,"שתולים, לח""י, חירותנו, תשרי, נתיבות",12
314,12,תלם,3719,0,,.
315,12,תלמים,814,0,,12
